source_timestamp_utc,source_timestamp_ms,source_chain,source_address,cosmos_address,resp_amount,payload_bytes,address_type_hint,decision,decision_bucket,recipient_cosmos,reason,evidence_reference,notes
2026-06-28T15:27:50.476000+00:00,1782660470476,juno,juno100ekrs89rhnnqmj8eamcm0ksfvg908hhr78t668058632hstulwsyj0egj,cosmos100ekrs89rhnnqmj8eamcm0ksfvg908hhr78t668058632hstulws8hg2lk,38,32,contract_or_module_address,quarantine,contract_or_module_review,,Source address is not a normal 20-byte account; do not distribute to a mechanical Cosmos address without review.,https://phmn-stats.posthuman.digital/d/h50b3TySk/posthuman-reputation-token-resp-stats,
2026-06-28T15:27:50.476000+00:00,1782660470476,juno,juno102dye4scjjd4ff9vu2mh47e7x6q7q9frjj7ngf2xdrur5vkevcrs8m79ex,cosmos102dye4scjjd4ff9vu2mh47e7x6q7q9frjj7ngf2xdrur5vkevcrsy7ekwz,20,32,contract_or_module_address,quarantine,contract_or_module_review,,Source address is not a normal 20-byte account; do not distribute to a mechanical Cosmos address without review.,https://phmn-stats.posthuman.digital/d/h50b3TySk/posthuman-reputation-token-resp-stats,
2026-06-28T15:27:50.476000+00:00,1782660470476,juno,juno108gpfrf928yqjdmate4360gsz8hve4khwyuhdcl303fysnasqveqxgk96l,cosmos108gpfrf928yqjdmate4360gsz8hve4khwyuhdcl303fysnasqveq9d3kdm,15,32,contract_or_module_address,quarantine,contract_or_module_review,,Source address is not a normal 20-byte account; do not distribute to a mechanical Cosmos address without review.,https://phmn-stats.posthuman.digital/d/h50b3TySk/posthuman-reputation-token-resp-stats,
2026-06-28T15:27:50.476000+00:00,1782660470476,juno,juno10ge3g8hsqx275lj6g7gzsuyghd49hkas8mvwdgqyadtzx828k6wq9zzyrr,cosmos10ge3g8hsqx275lj6g7gzsuyghd49hkas8mvwdgqyadtzx828k6wqx89h58,20,32,contract_or_module_address,quarantine,contract_or_module_review,,Source address is not a normal 20-byte account; do not distribute to a mechanical Cosmos address without review.,https://phmn-stats.posthuman.digital/d/h50b3TySk/posthuman-reputation-token-resp-stats,
2026-06-28T15:27:50.476000+00:00,1782660470476,juno,juno10mndjnx8xgn4e5mkf45lxyqge6kruzt2rp642kp5p33s3vyde4msmevhxd,cosmos10mndjnx8xgn4e5mkf45lxyqge6kruzt2rp642kp5p33s3vyde4mscuty3f,20,32,contract_or_module_address,quarantine,contract_or_module_review,,Source address is not a normal 20-byte account; do not distribute to a mechanical Cosmos address without review.,https://phmn-stats.posthuman.digital/d/h50b3TySk/posthuman-reputation-token-resp-stats,
2026-06-28T15:27:50.476000+00:00,1782660470476,juno,juno10p866hul4r7jzp894lcxzjg74zk4g484m8z4y82ha3z44ccqymkqdvaqvh,cosmos10p866hul4r7jzp894lcxzjg74zk4g484m8z4y82ha3z44ccqymkqwf6nmn,10,32,contract_or_module_address,quarantine,contract_or_module_review,,Source address is not a normal 20-byte account; do not distribute to a mechanical Cosmos address without review.,https://phmn-stats.posthuman.digital/d/h50b3TySk/posthuman-reputation-token-resp-stats,
2026-06-28T15:27:50.476000+00:00,1782660470476,juno,juno128wszjw242g0ntsre5q3qqwzka5a5w2nvaj98cgfu96puppaen3s8kzytx,cosmos128wszjw242g0ntsre5q3qqwzka5a5w2nvaj98cgfu96puppaen3syn9huz,20,32,contract_or_module_address,quarantine,contract_or_module_review,,Source address is not a normal 20-byte account; do not distribute to a mechanical Cosmos address without review.,https://phmn-stats.posthuman.digital/d/h50b3TySk/posthuman-reputation-token-resp-stats,
2026-06-28T15:27:50.476000+00:00,1782660470476,juno,juno12efwm2wj9c0dff74vhq6yqwe0wqsuxe5rlfe3pnqsmqjdl06xzxq935rzm,cosmos12efwm2wj9c0dff74vhq6yqwe0wqsuxe5rlfe3pnqsmqjdl06xzxqx5ns4l,10,32,contract_or_module_address,quarantine,contract_or_module_review,,Source address is not a normal 20-byte account; do not distribute to a mechanical Cosmos address without review.,https://phmn-stats.posthuman.digital/d/h50b3TySk/posthuman-reputation-token-resp-stats,
2026-06-28T15:27:50.476000+00:00,1782660470476,juno,juno12k79e6a873fymfnchg4jwlv30ct0qq8tqfd5uytgu924k2mz5zxqxgnych,cosmos12k79e6a873fymfnchg4jwlv30ct0qq8tqfd5uytgu924k2mz5zxq9d5h0n,20,32,contract_or_module_address,quarantine,contract_or_module_review,,Source address is not a normal 20-byte account; do not distribute to a mechanical Cosmos address without review.,https://phmn-stats.posthuman.digital/d/h50b3TySk/posthuman-reputation-token-resp-stats,
2026-06-28T15:27:50.476000+00:00,1782660470476,juno,juno130zpy78vkmf6gy0sjkg3sm46z2den9vknmhfa2q0e59m59tyq7ssk44l4u,cosmos130zpy78vkmf6gy0sjkg3sm46z2den9vknmhfa2q0e59m59tyq7ss4sjvzc,44,32,contract_or_module_address,quarantine,contract_or_module_review,,Source address is not a normal 20-byte account; do not distribute to a mechanical Cosmos address without review.,https://phmn-stats.posthuman.digital/d/h50b3TySk/posthuman-reputation-token-resp-stats,
2026-06-28T15:27:50.476000+00:00,1782660470476,juno,juno1332n0ydjufkl0agp5mp5tcpyprdlh6yd2wmzyddhssu8j3sx6alse4yqwk,cosmos1332n0ydjufkl0agp5mp5tcpyprdlh6yd2wmzyddhssu8j3sx6als6srnej,20,32,contract_or_module_address,quarantine,contract_or_module_review,,Source address is not a normal 20-byte account; do not distribute to a mechanical Cosmos address without review.,https://phmn-stats.posthuman.digital/d/h50b3TySk/posthuman-reputation-token-resp-stats,
2026-06-28T15:27:50.476000+00:00,1782660470476,juno,juno13d8m0feqkyey2twdwyta756qhj3mh54vyj8t6a7gd6jyz2rwh5tqmwnqaq,cosmos13d8m0feqkyey2twdwyta756qhj3mh54vyj8t6a7gd6jyz2rwh5tqct5n2y,20,32,contract_or_module_address,quarantine,contract_or_module_review,,Source address is not a normal 20-byte account; do not distribute to a mechanical Cosmos address without review.,https://phmn-stats.posthuman.digital/d/h50b3TySk/posthuman-reputation-token-resp-stats,
2026-06-28T15:27:50.476000+00:00,1782660470476,juno,juno13lunaqwxqwy2c0vrvuvzvkyqnqsxa8su33ftm5u4vg770skhp24qefqtjk,cosmos13lunaqwxqwy2c0vrvuvzvkyqnqsxa8su33ftm5u4vg770skhp24q6v8c9j,20,32,contract_or_module_address,quarantine,contract_or_module_review,,Source address is not a normal 20-byte account; do not distribute to a mechanical Cosmos address without review.,https://phmn-stats.posthuman.digital/d/h50b3TySk/posthuman-reputation-token-resp-stats,
2026-06-28T15:27:50.476000+00:00,1782660470476,juno,juno13qx74498cevlpjevq4rsf326myzxnyxjddl4wcxjsl3glwh3thjq3u884t,cosmos13qx74498cevlpjevq4rsf326myzxnyxjddl4wcxjsl3glwh3thjqjeq5z0,20,32,contract_or_module_address,quarantine,contract_or_module_review,,Source address is not a normal 20-byte account; do not distribute to a mechanical Cosmos address without review.,https://phmn-stats.posthuman.digital/d/h50b3TySk/posthuman-reputation-token-resp-stats,
2026-06-28T15:27:50.476000+00:00,1782660470476,juno,juno147mphu824mqnknp2hshvpcmskdlek4d0q2zs4sx4xkpr7hefwzqq420qxf,cosmos147mphu824mqnknp2hshvpcmskdlek4d0q2zs4sx4xkpr7hefwzqqk0gn3d,56,32,contract_or_module_address,quarantine,contract_or_module_review,,Source address is not a normal 20-byte account; do not distribute to a mechanical Cosmos address without review.,https://phmn-stats.posthuman.digital/d/h50b3TySk/posthuman-reputation-token-resp-stats,
2026-06-28T15:27:50.476000+00:00,1782660470476,juno,juno14e94djafh3mm689ylsuayrp7qdm9w5s6gn43926lxqs30f25kztsxdvkvv,cosmos14e94djafh3mm689ylsuayrp7qdm9w5s6gn43926lxqs30f25kzts9gt9mg,5,32,contract_or_module_address,quarantine,contract_or_module_review,,Source address is not a normal 20-byte account; do not distribute to a mechanical Cosmos address without review.,https://phmn-stats.posthuman.digital/d/h50b3TySk/posthuman-reputation-token-resp-stats,
2026-06-28T15:27:50.476000+00:00,1782660470476,juno,juno14f5jw0zzs99hz7j68txmhml4x7kvzum9vrpt24yth0ghss79m60sj3srua,cosmos14f5jw0zzs99hz7j68txmhml4x7kvzum9vrpt24yth0ghss79m60s35hste,20,32,contract_or_module_address,quarantine,contract_or_module_review,,Source address is not a normal 20-byte account; do not distribute to a mechanical Cosmos address without review.,https://phmn-stats.posthuman.digital/d/h50b3TySk/posthuman-reputation-token-resp-stats,
2026-06-28T15:27:50.476000+00:00,1782660470476,juno,juno14p6yvkzahhnxjv85f4ddky0cx7g5rkf7f26tudf0svs03ungujjsavpmtk,cosmos14p6yvkzahhnxjv85f4ddky0cx7g5rkf7f26tudf0svs03ungujjs7fxguj,38,32,contract_or_module_address,quarantine,contract_or_module_review,,Source address is not a normal 20-byte account; do not distribute to a mechanical Cosmos address without review.,https://phmn-stats.posthuman.digital/d/h50b3TySk/posthuman-reputation-token-resp-stats,
2026-06-28T15:27:50.476000+00:00,1782660470476,juno,juno168w6yhhzswkyrnc4lxtqygyr2e6nqy2avq3w3gsc07p3uycjuv7s0wh56d,cosmos168w6yhhzswkyrnc4lxtqygyr2e6nqy2avq3w3gsc07p3uycjuv7svts8df,10,32,contract_or_module_address,quarantine,contract_or_module_review,,Source address is not a normal 20-byte account; do not distribute to a mechanical Cosmos address without review.,https://phmn-stats.posthuman.digital/d/h50b3TySk/posthuman-reputation-token-resp-stats,
2026-06-28T15:27:50.476000+00:00,1782660470476,juno,juno16m4u48558wa3jh2ugmjvg8rdyp5jkzxe5389mau3vrm7762ansjsxf56ax,cosmos16m4u48558wa3jh2ugmjvg8rdyp5jkzxe5389mau3vrm7762ansjs9vnf2z,20,32,contract_or_module_address,quarantine,contract_or_module_review,,Source address is not a normal 20-byte account; do not distribute to a mechanical Cosmos address without review.,https://phmn-stats.posthuman.digital/d/h50b3TySk/posthuman-reputation-token-resp-stats,
2026-06-28T15:27:50.476000+00:00,1782660470476,juno,juno16vxsk9nxhp8k549aev69nh885ljehzp6wuym72f9czvjurh7pnws4gmhnf,cosmos16vxsk9nxhp8k549aev69nh885ljehzp6wuym72f9czvjurh7pnwskduyyd,20,32,contract_or_module_address,quarantine,contract_or_module_review,,Source address is not a normal 20-byte account; do not distribute to a mechanical Cosmos address without review.,https://phmn-stats.posthuman.digital/d/h50b3TySk/posthuman-reputation-token-resp-stats,
2026-06-28T15:27:50.476000+00:00,1782660470476,juno,juno17nm06g4lrc205h8mzdkyenkwany0y3yg2y40al7ja9eevuzjhscqpu0h86,cosmos17nm06g4lrc205h8mzdkyenkwany0y3yg2y40al7ja9eevuzjhscqzegys7,20,32,contract_or_module_address,quarantine,contract_or_module_review,,Source address is not a normal 20-byte account; do not distribute to a mechanical Cosmos address without review.,https://phmn-stats.posthuman.digital/d/h50b3TySk/posthuman-reputation-token-resp-stats,
2026-06-28T15:27:50.476000+00:00,1782660470476,juno,juno17u0t2f5a09r8923vgzhfr9ywt9gyenj9kuvm6n2zracrpwv2x68qkd96zu,cosmos17u0t2f5a09r8923vgzhfr9ywt9gyenj9kuvm6n2zracrpwv2x68q4gzf4c,20,32,contract_or_module_address,quarantine,contract_or_module_review,,Source address is not a normal 20-byte account; do not distribute to a mechanical Cosmos address without review.,https://phmn-stats.posthuman.digital/d/h50b3TySk/posthuman-reputation-token-resp-stats,
2026-06-28T15:27:50.476000+00:00,1782660470476,juno,juno17ymv9x9h2dkl3nlj7827u8gc5q5tmnvla4texh9v8k2hf0reeu5ssd756y,cosmos17ymv9x9h2dkl3nlj7827u8gc5q5tmnvla4texh9v8k2hf0reeu5snge8dq,10,32,contract_or_module_address,quarantine,contract_or_module_review,,Source address is not a normal 20-byte account; do not distribute to a mechanical Cosmos address without review.,https://phmn-stats.posthuman.digital/d/h50b3TySk/posthuman-reputation-token-resp-stats,
2026-06-28T15:27:50.476000+00:00,1782660470476,juno,juno18r5cxdqqdpfmlpvcev3yv3jhmnh2qhn8cqgmjanv4h8jk6th373q38xfl6,cosmos18r5cxdqqdpfmlpvcev3yv3jhmnh2qhn8cqgmjanv4h8jk6th373qjzp6g7,20,32,contract_or_module_address,quarantine,contract_or_module_review,,Source address is not a normal 20-byte account; do not distribute to a mechanical Cosmos address without review.,https://phmn-stats.posthuman.digital/d/h50b3TySk/posthuman-reputation-token-resp-stats,
2026-06-28T15:27:50.476000+00:00,1782660470476,juno,juno199ny3upn5uahk6455sgudjn9anjq7m72uknrwsnegukvjyk5dqcsqwwvn8,cosmos199ny3upn5uahk6455sgudjn9anjq7m72uknrwsnegukvjyk5dqcsrtflyr,20,32,contract_or_module_address,quarantine,contract_or_module_review,,Source address is not a normal 20-byte account; do not distribute to a mechanical Cosmos address without review.,https://phmn-stats.posthuman.digital/d/h50b3TySk/posthuman-reputation-token-resp-stats,
2026-06-28T15:27:50.476000+00:00,1782660470476,juno,juno19pkpgq2gq574qtl453d6ue5uu9c3pj3tgy23826yr3hmya07r8qqdp7nud,cosmos19pkpgq2gq574qtl453d6ue5uu9c3pj3tgy23826yr3hmya07r8qqwyeqtf,20,32,contract_or_module_address,quarantine,contract_or_module_review,,Source address is not a normal 20-byte account; do not distribute to a mechanical Cosmos address without review.,https://phmn-stats.posthuman.digital/d/h50b3TySk/posthuman-reputation-token-resp-stats,
2026-06-28T15:27:50.476000+00:00,1782660470476,juno,juno19x8cg7r2c3qxk84fjk594wl89tenw4zm0czd0zeayxvdtdckkqwq000teu,cosmos19x8cg7r2c3qxk84fjk594wl89tenw4zm0czd0zeayxvdtdckkqwqv2gcwc,20,32,contract_or_module_address,quarantine,contract_or_module_review,,Source address is not a normal 20-byte account; do not distribute to a mechanical Cosmos address without review.,https://phmn-stats.posthuman.digital/d/h50b3TySk/posthuman-reputation-token-resp-stats,
2026-06-28T15:27:50.476000+00:00,1782660470476,juno,juno1a67huktu9r8zerqg88njzfh6t3rvdg49tazxcd4e09lhhu47tf8swpqhxl,cosmos1a67huktu9r8zerqg88njzfh6t3rvdg49tazxcd4e09lhhu47tf8sdy8y3m,20,32,contract_or_module_address,quarantine,contract_or_module_review,,Source address is not a normal 20-byte account; do not distribute to a mechanical Cosmos address without review.,https://phmn-stats.posthuman.digital/d/h50b3TySk/posthuman-reputation-token-resp-stats,
2026-06-28T15:27:50.476000+00:00,1782660470476,juno,juno1anq05fh3n3arpg0ldgcvcj9whd5tgavlumx50q8fesa9p6xzqvesx5fe0d,cosmos1anq05fh3n3arpg0ldgcvcj9whd5tgavlumx50q8fesa9p6xzqves93w2cf,5,32,contract_or_module_address,quarantine,contract_or_module_review,,Source address is not a normal 20-byte account; do not distribute to a mechanical Cosmos address without review.,https://phmn-stats.posthuman.digital/d/h50b3TySk/posthuman-reputation-token-resp-stats,
2026-06-28T15:27:50.476000+00:00,1782660470476,juno,juno1c5utgrkv6u7j7auadnfg79un2n84pdnzjfyncq4nl96qh9ttmduq4a5tdq,cosmos1c5utgrkv6u7j7auadnfg79un2n84pdnzjfyncq4nl96qh9ttmduqkcnc6y,20,32,contract_or_module_address,quarantine,contract_or_module_review,,Source address is not a normal 20-byte account; do not distribute to a mechanical Cosmos address without review.,https://phmn-stats.posthuman.digital/d/h50b3TySk/posthuman-reputation-token-resp-stats,
2026-06-28T15:27:50.476000+00:00,1782660470476,juno,juno1cet6psyy2x68yt6ysa20a6euq6k5aznq5x54rq75n9dsksqt2mlqy5rk3v,cosmos1cet6psyy2x68yt6ysa20a6euq6k5aznq5x54rq75n9dsksqt2mlq83y9xg,15,32,contract_or_module_address,quarantine,contract_or_module_review,,Source address is not a normal 20-byte account; do not distribute to a mechanical Cosmos address without review.,https://phmn-stats.posthuman.digital/d/h50b3TySk/posthuman-reputation-token-resp-stats,
2026-06-28T15:27:50.476000+00:00,1782660470476,juno,juno1cetar8lrmtgmsnq3earrs3nv2s7k9l0wwy8v4nj0cqaflnl67dzqghegv9,cosmos1cetar8lrmtgmsnq3earrs3nv2s7k9l0wwy8v4nj0cqaflnl67dzqtj7mmp,20,32,contract_or_module_address,quarantine,contract_or_module_review,,Source address is not a normal 20-byte account; do not distribute to a mechanical Cosmos address without review.,https://phmn-stats.posthuman.digital/d/h50b3TySk/posthuman-reputation-token-resp-stats,
2026-06-28T15:27:50.476000+00:00,1782660470476,juno,juno1cmwcny0xqck79dmc4dwhqf25x9j4uyxmq9d9q3k0ruztdcer47qqqdak69,cosmos1cmwcny0xqck79dmc4dwhqf25x9j4uyxmq9d9q3k0ruztdcer47qqrg69dp,15,32,contract_or_module_address,quarantine,contract_or_module_review,,Source address is not a normal 20-byte account; do not distribute to a mechanical Cosmos address without review.,https://phmn-stats.posthuman.digital/d/h50b3TySk/posthuman-reputation-token-resp-stats,
2026-06-28T15:27:50.476000+00:00,1782660470476,juno,juno1dqxj02z9xu2r3hzavfsnhwj86lqpsz732qn2l2mck9x4fkr83l8qlkl6u7,cosmos1dqxj02z9xu2r3hzavfsnhwj86lqpsz732qn2l2mck9x4fkr83l8quncft6,20,32,contract_or_module_address,quarantine,contract_or_module_review,,Source address is not a normal 20-byte account; do not distribute to a mechanical Cosmos address without review.,https://phmn-stats.posthuman.digital/d/h50b3TySk/posthuman-reputation-token-resp-stats,
2026-06-28T15:27:50.476000+00:00,1782660470476,juno,juno1e8krr2j540eg4d53t3w60uu7dczdj0j6t6gz3wv6ny2f4lp02vhsdrcmn7,cosmos1e8krr2j540eg4d53t3w60uu7dczdj0j6t6gz3wv6ny2f4lp02vhswxlgy6,15,32,contract_or_module_address,quarantine,contract_or_module_review,,Source address is not a normal 20-byte account; do not distribute to a mechanical Cosmos address without review.,https://phmn-stats.posthuman.digital/d/h50b3TySk/posthuman-reputation-token-resp-stats,
2026-06-28T15:27:50.476000+00:00,1782660470476,juno,juno1ecgyfr5ed3zszqy75ve0jqg8cmh6c0dyhu58l8havh777h0x6pmsruqkzf,cosmos1ecgyfr5ed3zszqy75ve0jqg8cmh6c0dyhu58l8havh777h0x6pmsqe894d,20,32,contract_or_module_address,quarantine,contract_or_module_review,,Source address is not a normal 20-byte account; do not distribute to a mechanical Cosmos address without review.,https://phmn-stats.posthuman.digital/d/h50b3TySk/posthuman-reputation-token-resp-stats,
2026-06-28T15:27:50.476000+00:00,1782660470476,juno,juno1eltl6qu6y538vhux3mk3pjpn7redx8najm4u3e,cosmos1eltl6qu6y538vhux3mk3pjpn7redx8nayfk8k9,133,20,normal_account_length,exclude,olim_operator_requested_exclusion,,Matched Olim-linked address evidence; operator requested RESP exclusion when a balance exists.,/home/ubuntu/.openclaw/workspace/tmp/new-phmn/snapshots/phmn_old_addresses_not_receiving_new_phmn_current.csv,
2026-06-28T15:27:50.476000+00:00,1782660470476,juno,juno1enjgc37kldsyrla3e43eg99ghl8qa7z5hvs8gpc6r00pcf22f4sqjxfw07,cosmos1enjgc37kldsyrla3e43eg99ghl8qa7z5hvs8gpc6r00pcf22f4sq3rwac6,20,32,contract_or_module_address,quarantine,contract_or_module_review,,Source address is not a normal 20-byte account; do not distribute to a mechanical Cosmos address without review.,https://phmn-stats.posthuman.digital/d/h50b3TySk/posthuman-reputation-token-resp-stats,
2026-06-28T15:27:50.476000+00:00,1782660470476,juno,juno1eud4l0w84k690n7q5fndw3kxgm9yde62gwhez5qysrtu4m8cujyqwsgphs,cosmos1eud4l0w84k690n7q5fndw3kxgm9yde62gwhez5qysrtu4m8cujyqd40jq5,5,32,contract_or_module_address,quarantine,contract_or_module_review,,Source address is not a normal 20-byte account; do not distribute to a mechanical Cosmos address without review.,https://phmn-stats.posthuman.digital/d/h50b3TySk/posthuman-reputation-token-resp-stats,
2026-06-28T15:27:50.476000+00:00,1782660470476,juno,juno1f4pzvy3app6jqf2rzpem3fkzx9x4gpa7qpfzsls4lkw75cwfrpvqzxqe2z,cosmos1f4pzvy3app6jqf2rzpem3fkzx9x4gpa7qpfzsls4lkw75cwfrpvqpr82ax,20,32,contract_or_module_address,quarantine,contract_or_module_review,,Source address is not a normal 20-byte account; do not distribute to a mechanical Cosmos address without review.,https://phmn-stats.posthuman.digital/d/h50b3TySk/posthuman-reputation-token-resp-stats,
2026-06-28T15:27:50.476000+00:00,1782660470476,juno,juno1fvhz9r24d6kqeh8tpxgcfkhf06q30e72udkjpf3fefeysy5mkx9sdv6qn6,cosmos1fvhz9r24d6kqeh8tpxgcfkhf06q30e72udkjpf3fefeysy5mkx9swfany7,5,32,contract_or_module_address,quarantine,contract_or_module_review,,Source address is not a normal 20-byte account; do not distribute to a mechanical Cosmos address without review.,https://phmn-stats.posthuman.digital/d/h50b3TySk/posthuman-reputation-token-resp-stats,
2026-06-28T15:27:50.476000+00:00,1782660470476,juno,juno1fzqds5qzczywx4t3j2vp0s2ys2u4u4z4hlu5kdkfkmv9d454kqlqh9qp54,cosmos1fzqds5qzczywx4t3j2vp0s2ys2u4u4z4hlu5kdkfkmv9d454kqlq5q8jr3,20,32,contract_or_module_address,quarantine,contract_or_module_review,,Source address is not a normal 20-byte account; do not distribute to a mechanical Cosmos address without review.,https://phmn-stats.posthuman.digital/d/h50b3TySk/posthuman-reputation-token-resp-stats,
2026-06-28T15:27:50.476000+00:00,1782660470476,juno,juno1g02qg3kkf588ev2j2lsa5fc5l9eej0fktrz843tfrc8duju5dkuq63fyu8,cosmos1g02qg3kkf588ev2j2lsa5fc5l9eej0fktrz843tfrc8duju5dkuqe5whtr,20,32,contract_or_module_address,quarantine,contract_or_module_review,,Source address is not a normal 20-byte account; do not distribute to a mechanical Cosmos address without review.,https://phmn-stats.posthuman.digital/d/h50b3TySk/posthuman-reputation-token-resp-stats,
2026-06-28T15:27:50.476000+00:00,1782660470476,juno,juno1gjrsrz8pcz9km338yhd8wh2tpw7yryezsgjkumakxgtc7evfaweq4z5qme,cosmos1gjrsrz8pcz9km338yhd8wh2tpw7yryezsgjkumakxgtc7evfaweqk8nnva,5,32,contract_or_module_address,quarantine,contract_or_module_review,,Source address is not a normal 20-byte account; do not distribute to a mechanical Cosmos address without review.,https://phmn-stats.posthuman.digital/d/h50b3TySk/posthuman-reputation-token-resp-stats,
2026-06-28T15:27:50.476000+00:00,1782660470476,juno,juno1gtjqyctmcmjrlcg2de05xm9nq8xrarj8gtgav2pzw6ejsqcwq9msr6jwq3,cosmos1gtjqyctmcmjrlcg2de05xm9nq8xrarj8gtgav2pzw6ejsqcwq9msql4ah4,20,32,contract_or_module_address,quarantine,contract_or_module_review,,Source address is not a normal 20-byte account; do not distribute to a mechanical Cosmos address without review.,https://phmn-stats.posthuman.digital/d/h50b3TySk/posthuman-reputation-token-resp-stats,
2026-06-28T15:27:50.476000+00:00,1782660470476,juno,juno1gvvanxxervskwyw4hxsgf2l5dpth465pz2png8w3ely7aajh6spsfsvmw0,cosmos1gvvanxxervskwyw4hxsgf2l5dpth465pz2png8w3ely7aajh6sps24tget,20,32,contract_or_module_address,quarantine,contract_or_module_review,,Source address is not a normal 20-byte account; do not distribute to a mechanical Cosmos address without review.,https://phmn-stats.posthuman.digital/d/h50b3TySk/posthuman-reputation-token-resp-stats,
2026-06-28T15:27:50.476000+00:00,1782660470476,juno,juno1gx009sdvjjukrjuexwqhxqttw4274v69k8ykc7j5am6ap6ct9jpslm3vwl,cosmos1gx009sdvjjukrjuexwqhxqttw4274v69k8ykc7j5am6ap6ct9jpsu7klem,20,32,contract_or_module_address,quarantine,contract_or_module_review,,Source address is not a normal 20-byte account; do not distribute to a mechanical Cosmos address without review.,https://phmn-stats.posthuman.digital/d/h50b3TySk/posthuman-reputation-token-resp-stats,
2026-06-28T15:27:50.476000+00:00,1782660470476,juno,juno1h30alm86d4w4x2yg3dkjuc584ta0fn4jt5trmmwt2wl23wyyhx4qy8rcpf,cosmos1h30alm86d4w4x2yg3dkjuc584ta0fn4jt5trmmwt2wl23wyyhx4q8zytkd,20,32,contract_or_module_address,quarantine,contract_or_module_review,,Source address is not a normal 20-byte account; do not distribute to a mechanical Cosmos address without review.,https://phmn-stats.posthuman.digital/d/h50b3TySk/posthuman-reputation-token-resp-stats,
2026-06-28T15:27:50.476000+00:00,1782660470476,juno,juno1h86rvpur4p523tdv242ngmd57cjjjyh5j8s5f048nct7a4apzeuq325h6w,cosmos1h86rvpur4p523tdv242ngmd57cjjjyh5j8s5f048nct7a4apzeuqj0nyd2,20,32,contract_or_module_address,quarantine,contract_or_module_review,,Source address is not a normal 20-byte account; do not distribute to a mechanical Cosmos address without review.,https://phmn-stats.posthuman.digital/d/h50b3TySk/posthuman-reputation-token-resp-stats,
2026-06-28T15:27:50.476000+00:00,1782660470476,juno,juno1hjx0zah8vyjkd97k5nxqmaf3c29ezxd2hu69n6er0h0a0v9lur0sfz73c9,cosmos1hjx0zah8vyjkd97k5nxqmaf3c29ezxd2hu69n6er0h0a0v9lur0s28ez0p,20,32,contract_or_module_address,quarantine,contract_or_module_review,,Source address is not a normal 20-byte account; do not distribute to a mechanical Cosmos address without review.,https://phmn-stats.posthuman.digital/d/h50b3TySk/posthuman-reputation-token-resp-stats,
2026-06-28T15:27:50.476000+00:00,1782660470476,juno,juno1j55aqsfez06m6v50u6ph74fvvpzsel87wheydrmcr0t59t6s2qkq2zeqxu,cosmos1j55aqsfez06m6v50u6ph74fvvpzsel87wheydrmcr0t59t6s2qkqf87n3c,15,32,contract_or_module_address,quarantine,contract_or_module_review,,Source address is not a normal 20-byte account; do not distribute to a mechanical Cosmos address without review.,https://phmn-stats.posthuman.digital/d/h50b3TySk/posthuman-reputation-token-resp-stats,
2026-06-28T15:27:50.476000+00:00,1782660470476,juno,juno1jfc6kfsuyge3r5gzrash37peju9gmuce0h7gskaclsrddwrhn9ast3ck09,cosmos1jfc6kfsuyge3r5gzrash37peju9gmuce0h7gskaclsrddwrhn9asg5l9cp,20,32,contract_or_module_address,quarantine,contract_or_module_review,,Source address is not a normal 20-byte account; do not distribute to a mechanical Cosmos address without review.,https://phmn-stats.posthuman.digital/d/h50b3TySk/posthuman-reputation-token-resp-stats,
2026-06-28T15:27:50.476000+00:00,1782660470476,juno,juno1kz4qsktcplfkcwcpyqhurlchrwxge3srql7nnurexw9zt6v4qsvslchuqx,cosmos1kz4qsktcplfkcwcpyqhurlchrwxge3srql7nnurexw9zt6v4qsvsuas0hz,15,32,contract_or_module_address,quarantine,contract_or_module_review,,Source address is not a normal 20-byte account; do not distribute to a mechanical Cosmos address without review.,https://phmn-stats.posthuman.digital/d/h50b3TySk/posthuman-reputation-token-resp-stats,
2026-06-28T15:27:50.476000+00:00,1782660470476,juno,juno1latl29ql8mzdguh2c23r567e6ynxdp978f30up9stkz22zy8dffsdqytr9,cosmos1latl29ql8mzdguh2c23r567e6ynxdp978f30up9stkz22zy8dffsw9rc5p,56,32,contract_or_module_address,quarantine,contract_or_module_review,,Source address is not a normal 20-byte account; do not distribute to a mechanical Cosmos address without review.,https://phmn-stats.posthuman.digital/d/h50b3TySk/posthuman-reputation-token-resp-stats,
2026-06-28T15:27:50.476000+00:00,1782660470476,juno,juno1le5qfevan4xmls4ft0l0tr3lhmnxrn66rqkmf4k9rnx3yx0p8s2qrdw0e5,cosmos1le5qfevan4xmls4ft0l0tr3lhmnxrn66rqkmf4k9rnx3yx0p8s2qqgfuws,5,32,contract_or_module_address,quarantine,contract_or_module_review,,Source address is not a normal 20-byte account; do not distribute to a mechanical Cosmos address without review.,https://phmn-stats.posthuman.digital/d/h50b3TySk/posthuman-reputation-token-resp-stats,
2026-06-28T15:27:50.476000+00:00,1782660470476,juno,juno1lphnkpg3cxcg6c4pt38fdx3jy3cuptvzj2ywk9kledkddx3789uq8rajhl,cosmos1lphnkpg3cxcg6c4pt38fdx3jy3cuptvzj2ywk9kledkddx3789uqyx6pqm,20,32,contract_or_module_address,quarantine,contract_or_module_review,,Source address is not a normal 20-byte account; do not distribute to a mechanical Cosmos address without review.,https://phmn-stats.posthuman.digital/d/h50b3TySk/posthuman-reputation-token-resp-stats,
2026-06-28T15:27:50.476000+00:00,1782660470476,juno,juno1m6w4dqpwd99wg32ne4cy4yylpp4jxczcs7gh0az2j8vj5wtapyusjq49dm,cosmos1m6w4dqpwd99wg32ne4cy4yylpp4jxczcs7gh0az2j8vj5wtapyus39jk6l,10,32,contract_or_module_address,quarantine,contract_or_module_review,,Source address is not a normal 20-byte account; do not distribute to a mechanical Cosmos address without review.,https://phmn-stats.posthuman.digital/d/h50b3TySk/posthuman-reputation-token-resp-stats,
2026-06-28T15:27:50.476000+00:00,1782660470476,juno,juno1m9r32ycak0hu4pxgf9qa4238fdz3uuh25zacjhpd8f624ap42r4su7yyhf,cosmos1m9r32ycak0hu4pxgf9qa4238fdz3uuh25zacjhpd8f624ap42r4slmrhqd,20,32,contract_or_module_address,quarantine,contract_or_module_review,,Source address is not a normal 20-byte account; do not distribute to a mechanical Cosmos address without review.,https://phmn-stats.posthuman.digital/d/h50b3TySk/posthuman-reputation-token-resp-stats,
2026-06-28T15:27:50.476000+00:00,1782660470476,juno,juno1msa5f7v5fh00ufkv7nta4jwy5teznaz9zav3wvjaf7758j4c4sesx0znsf,cosmos1msa5f7v5fh00ufkv7nta4jwy5teznaz9zav3wvjaf7758j4c4ses929q8d,5,32,contract_or_module_address,quarantine,contract_or_module_review,,Source address is not a normal 20-byte account; do not distribute to a mechanical Cosmos address without review.,https://phmn-stats.posthuman.digital/d/h50b3TySk/posthuman-reputation-token-resp-stats,
2026-06-28T15:27:50.476000+00:00,1782660470476,juno,juno1n2r26q0f0cfn6v9edjrs6ulqg6z49hc6e065zr03em0sh5qkseesrvklck,cosmos1n2r26q0f0cfn6v9edjrs6ulqg6z49hc6e065zr03em0sh5qkseesqf3v0j,20,32,contract_or_module_address,quarantine,contract_or_module_review,,Source address is not a normal 20-byte account; do not distribute to a mechanical Cosmos address without review.,https://phmn-stats.posthuman.digital/d/h50b3TySk/posthuman-reputation-token-resp-stats,
2026-06-28T15:27:50.476000+00:00,1782660470476,juno,juno1p0fsjua7nmw23yssrvqzvr3f3vj6xrrdljdmx8v4tvftx522ypyqvl9rks,cosmos1p0fsjua7nmw23yssrvqzvr3f3vj6xrrdljdmx8v4tvftx522ypyq06zsp5,20,32,contract_or_module_address,quarantine,contract_or_module_review,,Source address is not a normal 20-byte account; do not distribute to a mechanical Cosmos address without review.,https://phmn-stats.posthuman.digital/d/h50b3TySk/posthuman-reputation-token-resp-stats,
2026-06-28T15:27:50.476000+00:00,1782660470476,juno,juno1paqjrurgtlav7z4pn0lsft2u6u2kqsqtdtswl52xudgmsprtjr3q0ppmf2,cosmos1paqjrurgtlav7z4pn0lsft2u6u2kqsqtdtswl52xudgmsprtjr3qvyxg7w,20,32,contract_or_module_address,quarantine,contract_or_module_review,,Source address is not a normal 20-byte account; do not distribute to a mechanical Cosmos address without review.,https://phmn-stats.posthuman.digital/d/h50b3TySk/posthuman-reputation-token-resp-stats,
2026-06-28T15:27:50.476000+00:00,1782660470476,juno,juno1pft2d88nwhgn6ntm5gaqn8gwpdtly4v22tuzdacrfq0cy3hugccq3ge8at,cosmos1pft2d88nwhgn6ntm5gaqn8gwpdtly4v22tuzdacrfq0cy3hugccqjd7520,20,32,contract_or_module_address,quarantine,contract_or_module_review,,Source address is not a normal 20-byte account; do not distribute to a mechanical Cosmos address without review.,https://phmn-stats.posthuman.digital/d/h50b3TySk/posthuman-reputation-token-resp-stats,
2026-06-28T15:27:50.476000+00:00,1782660470476,juno,juno1pkgpytvu78ej576gjpdzhf7tx296jkdwhs7f7qp494wal89mrevsq2pyvy,cosmos1pkgpytvu78ej576gjpdzhf7tx296jkdwhs7f7qp494wal89mrevsr0xhmq,20,32,contract_or_module_address,quarantine,contract_or_module_review,,Source address is not a normal 20-byte account; do not distribute to a mechanical Cosmos address without review.,https://phmn-stats.posthuman.digital/d/h50b3TySk/posthuman-reputation-token-resp-stats,
2026-06-28T15:27:50.476000+00:00,1782660470476,juno,juno1pvlgvxuqgenvdmwtqjpzx7vm23t77m2tu96pzdfl95dg64rftdxsfwfqzk,cosmos1pvlgvxuqgenvdmwtqjpzx7vm23t77m2tu96pzdfl95dg64rftdxs2twn4j,10,32,contract_or_module_address,quarantine,contract_or_module_review,,Source address is not a normal 20-byte account; do not distribute to a mechanical Cosmos address without review.,https://phmn-stats.posthuman.digital/d/h50b3TySk/posthuman-reputation-token-resp-stats,
2026-06-28T15:27:50.476000+00:00,1782660470476,juno,juno1q6u6pm5xd3wnle3cnp6mr3dmzl7rqvke0h2t8x7rywl3jax27ggsxg38ts,cosmos1q6u6pm5xd3wnle3cnp6mr3dmzl7rqvke0h2t8x7rywl3jax27ggs9dk5u5,20,32,contract_or_module_address,quarantine,contract_or_module_review,,Source address is not a normal 20-byte account; do not distribute to a mechanical Cosmos address without review.,https://phmn-stats.posthuman.digital/d/h50b3TySk/posthuman-reputation-token-resp-stats,
2026-06-28T15:27:50.476000+00:00,1782660470476,juno,juno1q9qpa7p9wmc50f284ka0724vcv82aqzmzjz6tdh0dds8hezk775q7r2gv0,cosmos1q9qpa7p9wmc50f284ka0724vcv82aqzmzjz6tdh0dds8hezk775qaxdmmt,122,32,contract_or_module_address,quarantine,contract_or_module_review,,Source address is not a normal 20-byte account; do not distribute to a mechanical Cosmos address without review.,https://phmn-stats.posthuman.digital/d/h50b3TySk/posthuman-reputation-token-resp-stats,
2026-06-28T15:27:50.476000+00:00,1782660470476,juno,juno1qpg4s62289t2qt40lecw59tgau8rer2lk9d54vr27w6g440rx2qst0zjf2,cosmos1qpg4s62289t2qt40lecw59tgau8rer2lk9d54vr27w6g440rx2qsg29p7w,20,32,contract_or_module_address,quarantine,contract_or_module_review,,Source address is not a normal 20-byte account; do not distribute to a mechanical Cosmos address without review.,https://phmn-stats.posthuman.digital/d/h50b3TySk/posthuman-reputation-token-resp-stats,
2026-06-28T15:27:50.476000+00:00,1782660470476,juno,juno1r0lt0yw9ggusjqagfh5qjzey6wk2yl5fnmqdaqq9tw04rcw4lyusjk5pd6,cosmos1r0lt0yw9ggusjqagfh5qjzey6wk2yl5fnmqdaqq9tw04rcw4lyus3nnj67,10,32,contract_or_module_address,quarantine,contract_or_module_review,,Source address is not a normal 20-byte account; do not distribute to a mechanical Cosmos address without review.,https://phmn-stats.posthuman.digital/d/h50b3TySk/posthuman-reputation-token-resp-stats,
2026-06-28T15:27:50.476000+00:00,1782660470476,juno,juno1r88rkp7jw269a82lw5f0p4d29tuqe6r73wusp9477h05ufgjkhlqv3g5yn,cosmos1r88rkp7jw269a82lw5f0p4d29tuqe6r73wusp9477h05ufgjkhlq0508nh,20,32,contract_or_module_address,quarantine,contract_or_module_review,,Source address is not a normal 20-byte account; do not distribute to a mechanical Cosmos address without review.,https://phmn-stats.posthuman.digital/d/h50b3TySk/posthuman-reputation-token-resp-stats,
2026-06-28T15:27:50.476000+00:00,1782660470476,juno,juno1rhg6kcr8u8glce0wrg6p00uksz0xk3kdg2pjn8kfj7rmy5u9al3sl54ee7,cosmos1rhg6kcr8u8glce0wrg6p00uksz0xk3kdg2pjn8kfj7rmy5u9al3su3j2w6,20,32,contract_or_module_address,quarantine,contract_or_module_review,,Source address is not a normal 20-byte account; do not distribute to a mechanical Cosmos address without review.,https://phmn-stats.posthuman.digital/d/h50b3TySk/posthuman-reputation-token-resp-stats,
2026-06-28T15:27:50.476000+00:00,1782660470476,juno,juno1sdvn5txktcvdheywjy2antv5fzj6s2w97fzndxanm9vtl0ad2xcq9u8kz0,cosmos1sdvn5txktcvdheywjy2antv5fzj6s2w97fzndxanm9vtl0ad2xcqxeq94t,10,32,contract_or_module_address,quarantine,contract_or_module_review,,Source address is not a normal 20-byte account; do not distribute to a mechanical Cosmos address without review.,https://phmn-stats.posthuman.digital/d/h50b3TySk/posthuman-reputation-token-resp-stats,
2026-06-28T15:27:50.476000+00:00,1782660470476,juno,juno1se59s6ggvymfakve9qgnrk7qy3eyvmmx32832lyshftxwgnpfassugnlre,cosmos1se59s6ggvymfakve9qgnrk7qy3eyvmmx32832lyshftxwgnpfassld5v5a,20,32,contract_or_module_address,quarantine,contract_or_module_review,,Source address is not a normal 20-byte account; do not distribute to a mechanical Cosmos address without review.,https://phmn-stats.posthuman.digital/d/h50b3TySk/posthuman-reputation-token-resp-stats,
2026-06-28T15:27:50.476000+00:00,1782660470476,juno,juno1sruspxazqr5llvpa93pkfa3pjctnfn5z8053tqmt5u7h39vzc6kqj7sarz,cosmos1sruspxazqr5llvpa93pkfa3pjctnfn5z8053tqmt5u7h39vzc6kq3mhw5x,20,32,contract_or_module_address,quarantine,contract_or_module_review,,Source address is not a normal 20-byte account; do not distribute to a mechanical Cosmos address without review.,https://phmn-stats.posthuman.digital/d/h50b3TySk/posthuman-reputation-token-resp-stats,
2026-06-28T15:27:50.476000+00:00,1782660470476,juno,juno1tj4e0swy6mx924g2l3f2lwn4cmxdc97rc0cvnx5r5m09l2ayvmpq906x78,cosmos1tj4e0swy6mx924g2l3f2lwn4cmxdc97rc0cvnx5r5m09l2ayvmpqx2a4fr,10,32,contract_or_module_address,quarantine,contract_or_module_review,,Source address is not a normal 20-byte account; do not distribute to a mechanical Cosmos address without review.,https://phmn-stats.posthuman.digital/d/h50b3TySk/posthuman-reputation-token-resp-stats,
2026-06-28T15:27:50.476000+00:00,1782660470476,juno,juno1tpq40jyuxunq032vj3jdmpw9lkqmv9fvkfv33a0822q5tfwqdwaslf0y8z,cosmos1tpq40jyuxunq032vj3jdmpw9lkqmv9fvkfv33a0822q5tfwqdwasuvghsx,5,32,contract_or_module_address,quarantine,contract_or_module_review,,Source address is not a normal 20-byte account; do not distribute to a mechanical Cosmos address without review.,https://phmn-stats.posthuman.digital/d/h50b3TySk/posthuman-reputation-token-resp-stats,
2026-06-28T15:27:50.476000+00:00,1782660470476,juno,juno1uaqyz6xp5gazca9f92cm65y0zf72h8w3ejtlhep6r6dfvu5cj85q4cjkxa,cosmos1uaqyz6xp5gazca9f92cm65y0zf72h8w3ejtlhep6r6dfvu5cj85qka493e,20,32,contract_or_module_address,quarantine,contract_or_module_review,,Source address is not a normal 20-byte account; do not distribute to a mechanical Cosmos address without review.,https://phmn-stats.posthuman.digital/d/h50b3TySk/posthuman-reputation-token-resp-stats,
2026-06-28T15:27:50.476000+00:00,1782660470476,juno,juno1uar7p2ecw208r2jj056nvh2kgz4myhkyhufjgyqclc8nqugquams6gc3at,cosmos1uar7p2ecw208r2jj056nvh2kgz4myhkyhufjgyqclc8nqugquamsedlz20,40,32,contract_or_module_address,quarantine,contract_or_module_review,,Source address is not a normal 20-byte account; do not distribute to a mechanical Cosmos address without review.,https://phmn-stats.posthuman.digital/d/h50b3TySk/posthuman-reputation-token-resp-stats,
2026-06-28T15:27:50.476000+00:00,1782660470476,juno,juno1unj62tw4e8s5qjk5fde6syragd5www0sfjylh73cn4tsc6tmwf7qqgv6mc,cosmos1unj62tw4e8s5qjk5fde6syragd5www0sfjylh73cn4tsc6tmwf7qrdtfvu,10,32,contract_or_module_address,quarantine,contract_or_module_review,,Source address is not a normal 20-byte account; do not distribute to a mechanical Cosmos address without review.,https://phmn-stats.posthuman.digital/d/h50b3TySk/posthuman-reputation-token-resp-stats,
2026-06-28T15:27:50.476000+00:00,1782660470476,juno,juno1uwmtcc8lxc7waqy9takvnsautlfx5qp688jykvvuk4fezd8jf6fs549ym2,cosmos1uwmtcc8lxc7waqy9takvnsautlfx5qp688jykvvuk4fezd8jf6fshszhvw,964604,32,contract_or_module_address,reroute,old_reputation_subdao_treasury,cosmos1nxxz937qd6zqxllwplydy6hts97c4amaqj8jxa57nsme3dmckk4s3mqujr,Old RESP Reputation SubDAO treasury; route to the new Reputation SubDAO.,https://phmn-stats.posthuman.digital/d/h50b3TySk/posthuman-reputation-token-resp-stats,Operator supplied the new Reputation SubDAO address on 2026-06-28.
2026-06-28T15:27:50.476000+00:00,1782660470476,juno,juno1v842s0h2zkkw0k87t73x74qm9ruf9d5k65aq7gs8652fu5j3aqxq4l8htu,cosmos1v842s0h2zkkw0k87t73x74qm9ruf9d5k65aq7gs8652fu5j3aqxqk6qyuc,20,32,contract_or_module_address,quarantine,contract_or_module_review,,Source address is not a normal 20-byte account; do not distribute to a mechanical Cosmos address without review.,https://phmn-stats.posthuman.digital/d/h50b3TySk/posthuman-reputation-token-resp-stats,
2026-06-28T15:27:50.476000+00:00,1782660470476,juno,juno1vugs59yw5226qm053m6qetjpv2r7lgdc8pky297lj49taedc3auq207phr,cosmos1vugs59yw5226qm053m6qetjpv2r7lgdc8pky297lj49taedc3auqf2ejq8,20,32,contract_or_module_address,quarantine,contract_or_module_review,,Source address is not a normal 20-byte account; do not distribute to a mechanical Cosmos address without review.,https://phmn-stats.posthuman.digital/d/h50b3TySk/posthuman-reputation-token-resp-stats,
2026-06-28T15:27:50.476000+00:00,1782660470476,juno,juno1vv9a8chkdthxsacnw73wecqmmx3jdm98cxafyherssns3w73a9fqq0wgkn,cosmos1vv9a8chkdthxsacnw73wecqmmx3jdm98cxafyherssns3w73a9fqr2fmph,20,32,contract_or_module_address,quarantine,contract_or_module_review,,Source address is not a normal 20-byte account; do not distribute to a mechanical Cosmos address without review.,https://phmn-stats.posthuman.digital/d/h50b3TySk/posthuman-reputation-token-resp-stats,
2026-06-28T15:27:50.476000+00:00,1782660470476,juno,juno1wxzlf67sja6attasxjfsahffkqhlz4wf90kfjs5egvnegkc5dczsvhyxsu,cosmos1wxzlf67sja6attasxjfsahffkqhlz4wf90kfjs5egvnegkc5dczs0jr48c,15,32,contract_or_module_address,quarantine,contract_or_module_review,,Source address is not a normal 20-byte account; do not distribute to a mechanical Cosmos address without review.,https://phmn-stats.posthuman.digital/d/h50b3TySk/posthuman-reputation-token-resp-stats,
2026-06-28T15:27:50.476000+00:00,1782660470476,juno,juno1xdwctkq5rq9qcfqcdl0c8eknmg7g5ggxlxqutpndahf0ljue9nwq4vl8as,cosmos1xdwctkq5rq9qcfqcdl0c8eknmg7g5ggxlxqutpndahf0ljue9nwqkfc525,56,32,contract_or_module_address,quarantine,contract_or_module_review,,Source address is not a normal 20-byte account; do not distribute to a mechanical Cosmos address without review.,https://phmn-stats.posthuman.digital/d/h50b3TySk/posthuman-reputation-token-resp-stats,
2026-06-28T15:27:50.476000+00:00,1782660470476,juno,juno1xm05ve43v7k8jsd9ckyz5epfynqvgq5fhj4s5j5965h78p7ryyrqxdqmlp,cosmos1xm05ve43v7k8jsd9ckyz5epfynqvgq5fhj4s5j5965h78p7ryyrq9g8gg9,10,32,contract_or_module_address,quarantine,contract_or_module_review,,Source address is not a normal 20-byte account; do not distribute to a mechanical Cosmos address without review.,https://phmn-stats.posthuman.digital/d/h50b3TySk/posthuman-reputation-token-resp-stats,
2026-06-28T15:27:50.476000+00:00,1782660470476,juno,juno1xmlx6re8k5hxr3m57rhzardvakqs8dq6ra9vw44yxyacs8vxanesu7ylfh,cosmos1xmlx6re8k5hxr3m57rhzardvakqs8dq6ra9vw44yxyacs8vxaneslmrv7n,20,32,contract_or_module_address,quarantine,contract_or_module_review,,Source address is not a normal 20-byte account; do not distribute to a mechanical Cosmos address without review.,https://phmn-stats.posthuman.digital/d/h50b3TySk/posthuman-reputation-token-resp-stats,
2026-06-28T15:27:50.476000+00:00,1782660470476,juno,juno1z5q8ac8pqup72k5w4m38z9et3wjw3c7m97xwukl53mt298xq39rs6v6vgn,cosmos1z5q8ac8pqup72k5w4m38z9et3wjw3c7m97xwukl53mt298xq39rsefallh,20,32,contract_or_module_address,quarantine,contract_or_module_review,,Source address is not a normal 20-byte account; do not distribute to a mechanical Cosmos address without review.,https://phmn-stats.posthuman.digital/d/h50b3TySk/posthuman-reputation-token-resp-stats,
2026-06-28T15:27:50.476000+00:00,1782660470476,juno,juno1zq3sn5us5k44fem89pwq3n3skpzgmv282lqzj2498ysh7pr2l0xsqgffq3,cosmos1zq3sn5us5k44fem89pwq3n3skpzgmv282lqzj2498ysh7pr2l0xsrdw6h4,20,32,contract_or_module_address,quarantine,contract_or_module_review,,Source address is not a normal 20-byte account; do not distribute to a mechanical Cosmos address without review.,https://phmn-stats.posthuman.digital/d/h50b3TySk/posthuman-reputation-token-resp-stats,
2026-06-28T15:27:50.476000+00:00,1782660470476,juno,juno1ztfc374kwn5wgqlep5gmd6kqdztxg02wrk7aq9ak37h7avjvtrrq2qk33d,cosmos1ztfc374kwn5wgqlep5gmd6kqdztxg02wrk7aq9ak37h7avjvtrrqf93zxf,20,32,contract_or_module_address,quarantine,contract_or_module_review,,Source address is not a normal 20-byte account; do not distribute to a mechanical Cosmos address without review.,https://phmn-stats.posthuman.digital/d/h50b3TySk/posthuman-reputation-token-resp-stats,
